Estimate,Std. Error,z value,Pr(>|z|)
-9.531405114089078e+16,812576367.822725,-117298576.374159,0
6.419923414589624e+16,711583199.929886,90220278.0394787,0
3.4228065752812068e+16,375849987.238606,91068423.3470057,0
2.5977918014072776e+16,283103778.960936,91761113.5726214,0
-2.4752931350021764e+16,192508698.426369,-128580846.228563,0
2.343104643853861e+16,633552264.618419,36983604.5849364,0
-2.1499047022690096e+16,801319175.180835,-26829567.6536611,0
1.9555757097107016e+16,178370075.590141,109635862.587412,0
-1.914362929301314e+16,266887305.043637,-71729261.4944091,0
1.7099395218206822e+16,229200346.057866,74604578.53711,0
-1.7060032447205696e+16,447887277.634982,-38090013.4902006,0
-1.5400548571173562e+16,259388280.544637,-59372568.9489019,0
-1.3329085381401768e+16,109269201.6374,-121983918.447882,0
-1.1108567307980104e+16,144234557.198902,-77017377.2756911,0
-9836274242917430.0,152155733.676804,-64646096.5040647,0
-9580593529905008.0,120377096.80455,-79588175.6930933,0
-9150317286574640.0,284238459.147704,-32192396.8839829,0
8495098395923428.0,82722506.005615,102693919.782203,0
8235866717740650.0,96366268.9023186,85464206.6311492,0
-7979453319173571.0,1667001811.232,-4786709.44770981,0
-7158750463363330.0,55961755.2111325,-127922193.22562,0
-7102924215734466.0,190710493.708543,-37244537.9255828,0
6300603610451323.0,145098924.014199,43422814.1473658,0
6267805733700135.0,196777668.905818,31852220.6739832,0
6257528685835251.0,58242720.3970082,107438811.978238,0
5815178583424132.0,64411823.125476,90281229.4583869,0
-5413298795556003.0,62351802.3622744,-86818641.8109268,0
5121098760385146.0,76420629.9862839,67011993.5062599,0
5111720109694432.0,56430469.0588583,90584398.7290411,0
5050015458357315.0,74675176.2067755,67626428.4181108,0
4873389981890248.0,47830396.2978938,101888973.5209,0
4774183873891355.0,77827356.689455,61343261.2511973,0
-4437983133307144.0,51294039.3601137,-86520445.4293401,0
-3997217456235480.0,51792437.8923918,-77177627.0609317,0
3981452828907566.0,65662824.8499192,60634808.7827121,0
-3919577718809223.0,49892157.7960984,-78560998.1999163,0
3817783645378895.0,205599460.95706,18569035.2864118,0
-3447082117085153.0,89522007.0589217,-38505415.9343897,0
3397278274286616.0,127266420.371801,26694223.5380053,0
-3223511076016810.0,62730792.22853,-51386423.8199555,0
3159309754797356.0,245463781.85847,12870777.6392811,0
2982174970286246.0,53835783.1711418,55393918.2198954,0
-2958404628218788.0,102487643.928072,-28865963.8843398,0
-2951424036665137.0,78378668.5229886,-37655960.3816117,0
-2872208497993056.0,70480408.283535,-40751870.8807485,0
2854635314119339.0,67636204.8825105,42205728.7081389,0
-2782937982245866.0,36660297.3358557,-75911495.1182899,0
2704303335246220.0,55624316.1979927,48617286.828666,0
2683939845074347.0,37101189.5414524,72341072.570615,0
-2642410003979768.0,31650097.8531239,-83488209.6176192,0
-2634654393726270.0,42513544.105575,-61972118.5131863,0
2611894642870758.0,92625863.9129519,28198329.6298901,0
-2573676897944111.0,86557679.6791086,-29733663.2345667,0
-2552139486159074.0,67062743.7342584,-38055995.6847595,0
2549292477020692.0,67647178.0700829,37685126.7081623,0
2531970340581122.0,94888523.9457451,26683630.8048046,0
2492747168946222.0,79726174.982067,31266358.5015451,0
-2490123183043350.0,103303391.888581,-24104950.8396501,0
-2452876254314722.0,21666402.3453955,-113211054.387901,0
-2452071596305792.0,43310205.4668238,-56616484.9572028,0
2423691205533582.0,29533434.261204,82066013.1868719,0
2387066581218176.0,271486553.491061,8792577.57160623,0
-2355341374941776.0,41750243.5155614,-56415033.2216357,0
2353293593478932.0,55435980.5983081,42450653.3136126,0
2344641448978694.0,69841617.1607326,33570835.6177201,0
-2316075723383638.0,66367867.3685037,-34897546.2858218,0
-2301214274341502.0,82448200.3359224,-27911030.9863109,0
-2294922865446206.0,63524500.2642462,-36126578.8144715,0
2099771556636020.0,23627429.2450513,88870081.2457544,0
-2071040686067460.0,172438021.329568,-12010348.2404802,0
2046862267301737.0,49424397.3686391,41414005.5575168,0
1942073361991575.0,45342642.0992272,42831058.6255995,0
1859390223880753.0,87532524.6708532,21242278.0089182,0
1835757140159090.0,47230193.6664715,38868295.8431798,0
-1756264759481224.0,19062251.2922573,-92133123.8663602,0
1708168292226194.0,107961298.219189,15822042.9024313,0
1669499471312340.0,27255153.4077075,61254451.4550493,0
1669173494460624.0,30842275.3754744,54119661.2163038,0
-1668912414467620.0,229497203.625582,-7272038.12552941,0
-1651741083004988.0,54781809.4839542,-30151269.1633304,0
1649353862308940.0,46131869.4550083,35753024.5748555,0
-1580087698534284.0,66524657.6837421,-23751910.2472652,0
-1536697537359709.0,41912217.2989886,-36664668.1180667,0
-1535545209414390.0,47177953.262576,-32547940.3667235,0
-1519693947031754.0,38881860.6144193,-39084908.0526814,0
1480881646950527.0,26298138.3514337,56311272.9563153,0
1463651067769575.0,62602260.4521006,23380163.2273242,0
-1435414037522233.0,45582085.9396787,-31490749.2259524,0
-1372210511306976.0,19310299.6152983,-71061067.8572726,0
-1347901863362595.0,11238238.0355121,-119938896.03542,0
1346910082559158.0,38258164.3111427,35205820.9485725,0
-1331655689684978.0,33201983.7553282,-40107714.6323004,0
1318339451208405.0,46870080.2292475,28127527.0867948,0
-1299454398053855.0,26805557.8268661,-48477051.1565875,0
1293733274578201.0,36128171.1542696,35809542.3389653,0
-1280861534209725.0,22808534.2138445,-56157117.4281009,0
1261175927581147.0,34893836.6113465,36143229.0071264,0
1243243645390706.0,21615523.8191985,57516239.5225638,0
-1241187504704472.0,48066018.9226881,-25822556.8192128,0
-1226942505796010.0,22391112.7983165,-54795959.3097248,0
1216987367167664.0,57077128.5067768,21321804.3550171,0
1202159431766221.0,59928610.0672758,20059858.3951251,0
1167358407022602.0,19033990.9253628,61330196.6781489,0
-1159727402837697.0,25073959.2918205,-46252264.7237454,0
-1146998421774360.0,25360039.2710798,-45228574.353289,0
1124991071653104.0,65670209.5202441,17130919.481935,0
-1110093059813586.0,59672911.7569557,-18602964.5131937,0
-1090009162932447.0,30065657.7149344,-36254292.9633304,0
1060166688918508.0,14541353.6614037,72907014.9591679,0
-1059028403430273.0,25858634.2689482,-40954537.3671179,0
-1058509512177318.0,29679567.1976227,-35664587.1932426,0
-1040826410090628.0,68207156.6920117,-15259782.9988789,0
1033301695455753.0,21248980.4156957,48628295.3459968,0
1032508114311082.0,18215514.7112829,56682895.3601589,0
-1028442101749897.0,17569558.2659065,-58535455.8256353,0
1022317556709442.0,21361121.0849108,47858796.9538543,0
-1014352345493832.0,20868152.4635607,-48607673.6915288,0
-1009469272170355.0,42820263.0029444,-23574569.6401011,0
1008651965942333.0,14852904.9595249,67909406.8595319,0
-1008019467691818.0,21896327.4057674,-46036006.3590531,0
-998571337950142.0,45247111.3673025,-22069283.7128107,0
-973595445341440.0,158974612.769944,-6124219.63719676,0
959732399365742.0,35516839.497992,27021897.582413,0
-942528504356145.0,15804377.4893582,-59637179.9516173,0
934627786229308.0,14873047.1868816,62840369.8640633,0
931854769994748.0,16175203.5691462,57610079.8986073,0
-928792420387196.0,19625627.8378546,-47325488.2881102,0
-921461987056232.0,14330267.1726439,-64301800.9332916,0
-918819689975472.0,36744773.3614635,-25005452.6377647,0
907961427613355.0,43095166.0596313,21068753.4271708,0
907739330882861.0,80767214.9589886,11238957.9279635,0
904703012083843.0,40569787.9585459,22299919.6596311,0
-901202777347394.0,36642897.3052634,-24594200.8853635,0
-900924854525483.0,12448414.1533308,-72372660.7605211,0
899243977285502.0,38001606.7870481,23663314.6152122,0
883578964740992.0,21895027.6158686,40355234.0852318,0
875245865207950.0,25808356.00024,33913274.6463902,0
873750634117264.0,14402820.1777553,60665246.3429869,0
-862339075837568.0,17213072.9972196,-50097915.4609325,0
862294353841806.0,32190890.4827474,26786905.8889176,0
-858414215820438.0,23036608.2427802,-37263047.0064737,0
858312156356539.0,21090870.7611646,40695908.9587225,0
846866355130848.0,19013833.1097367,44539486.0806462,0
-835101234341019.0,12241205.5072456,-68220506.0479314,0
833589095945775.0,22300732.3463087,37379449.3831389,0
-827160464762566.0,23227908.0866994,-35610631.0424143,0
-827145794448892.0,29980765.1809838,-27589215.6005923,0
-822533775797403.0,14162380.7968953,-58078778.391393,0
-821488331855705.0,13656768.0081725,-60152470.2890251,0
-821311014514453.0,55741659.9883926,-14734240.3273509,0
811901591019840.0,26656060.1937123,30458424.2802451,0
-801343620270255.0,11880673.0591523,-67449345.3595153,0
795428491579857.0,9807415.49518706,81104801.9705303,0
-788395338967846.0,18259014.4286222,-43178416.9977973,0
-786649981391525.0,22451846.8307398,-35037205.9511153,0
-777496518052798.0,9063942.04015649,-85779069.9243454,0
771663549116252.0,18410201.856551,41914996.6485385,0
760569992322673.0,1192568173.44114,637758.083152645,0
-757997931054652.0,12191540.6201475,-62174088.9582076,0
-757015026811255.0,11512825.9447623,-65754058.1646381,0
755817779993849.0,15622906.1382311,48378821.027688,0
747813080095224.0,248964771.815626,3003690.33996917,0
-744805123947185.0,15529350.5705572,-47961125.0041127,0
-740326107806686.0,16372324.0405684,-45218144.1053976,0
739903903815245.0,19716621.6329498,37526910.927719,0
736115634433480.0,13686743.676968,53783109.5406726,0
-735271574397430.0,16171869.667658,-45466083.3600394,0
699226005672643.0,9765633.1080899,71600683.5330933,0
697747238153518.0,37518084.1652084,18597624.4170954,0
-693126159327895.0,15740683.0869934,-44034058.4647579,0
-684563133227757.0,25073834.0915132,-27301892.9107241,0
-681612042757547.0,23079080.0446774,-29533761.3734194,0
-673138848281684.0,12671940.1722938,-53120425.0595697,0
669508952923370.0,26810497.4052114,24971896.0004536,0
-669073284530161.0,20063030.4762263,-33348565.428487,0
-660689906480555.0,15693011.856958,-42100898.9544359,0
653918613066492.0,26311250.1102768,24853194.3684075,0
644804919829494.0,71731748.9245016,8989114.71555165,0
640281055397967.0,11788531.157532,54313896.0097565,0
-639680702431071.0,24778444.3759142,-25816015.4336755,0
633256315245926.0,21814995.653449,29028486.8860749,0
-632868981828980.0,20303645.2788528,-31170214.6652524,0
-632172249858159.0,49305738.9860306,-12821473.9877901,0
-627218198392244.0,32176400.5537547,-19493112.5793389,0
-626216123833986.0,9498472.98035122,-65928083.927742,0
-625814169419480.0,19770144.3621101,-31654506.8137623,0
-619206689572882.0,24357604.0469009,-25421494.1822928,0
-617587569161040.0,16477821.6412126,-37479928.0274036,0
-611191605709115.0,46751842.1067715,-13073102.1103571,0
-606540809467029.0,20325111.8528077,-29841942.0202719,0
582422919541971.0,11154861.4124443,52212474.7235517,0
-581103120043254.0,22636617.9656664,-25670933.7465795,0
576104100203076.0,16026403.1893511,35947186.239884,0
-575266426132586.0,8636746.38441,-66606844.8149626,0
-575136353524235.0,15497190.9688003,-37112296.9757633,0
572909247052382.0,11037662.7715171,51904942.0979578,0
568088821173808.0,18395728.2746281,30881561.8872417,0
566480693163738.0,24347126.7580933,23266839.6066666,0
-566017341884135.0,16371718.4808206,-34572872.8811958,0
565151210683681.0,19373603.3618345,29171197.5376256,0
-564228216795308.0,16724791.9777782,-33736037.9456428,0
560609770803486.0,8240064.61659964,68034632.8442784,0
-556791421340492.0,22279588.864854,-24991099.4640852,0
-556504092272260.0,13302902.5542877,-41833283.3756563,0
-553668775246270.0,13476328.3779005,-41084541.7030811,0
553489727977412.0,13963892.0753991,39637210.384383,0
550269544086508.0,92114805.171231,5973736.17697632,0
549290813258600.0,9604261.65422062,57192404.0633787,0
-549115684627960.0,34961098.7241919,-15706476.7603539,0
-544800834155278.0,17724733.8428763,-30736756.8384807,0
-544464786327710.0,35332342.3321747,-15409812.9472697,0
541656863924023.0,9369663.60836644,57809638.2713635,0
-538945315702543.0,11640728.5445547,-46298246.1655849,0
-531508802160432.0,12869859.6865782,-41298725.4798696,0
527391390758698.0,23555058.136476,22389729.9553683,0
-524709386940013.0,4348163.7598722,-120673786.894226,0
-524439969247690.0,11233476.665321,-46685454.9906792,0
523080589734778.0,21117814.8770187,24769636.1001828,0
520196706070667.0,12015969.9901396,43292110.95713,0
518791816503894.0,10084297.0800762,51445511.0142368,0
518462952480510.0,20163601.1955635,25712815.2581486,0
517873210895803.0,12199978.7932059,42448697.6308684,0
-507458948694042.0,9391640.29377409,-54033047.7765898,0
-507250522068500.0,15663331.896432,-32384586.2057005,0
505749589033635.0,14437932.8160391,35029224.4379886,0
-502128425310998.0,6918560.48560429,-72577008.8092451,0
-499959824437654.0,25941715.2111323,-19272427.4539529,0
-492650817716952.0,11915135.8945069,-41346638.6014174,0
488441329159463.0,16270383.9720714,30020270.5724638,0
486876023636655.0,12062880.5819702,40361505.7223035,0
-486482917790742.0,11868884.8222217,-40988089.8734408,0
-486100184133695.0,11233222.5116405,-43273440.3355732,0
477167557338897.0,20833294.6041491,22904085.330981,0
476977511802549.0,8536676.4323992,55873912.4739786,0
476208305039283.0,14293016.7388632,33317550.3632103,0
473671545220818.0,16832652.4148682,28140041.9581185,0
-469844723169163.0,6140503.54374067,-76515666.8052248,0
465551810598562.0,10890419.1898871,42748750.2988754,0
465489541419761.0,20986096.0677122,22180854.4055953,0
464692876265663.0,20766486.0318844,22377058.6680955,0
459134870759594.0,38692168.9826384,11866351.3272056,0
459036244226208.0,16244407.2893766,28258109.7635002,0
456477225834286.0,91454260.5666841,4991317.22246494,0
-453197075153383.0,11378023.1690894,-39830915.1263272,0
451372781554473.0,10235988.8456791,44096646.4852109,0
-451011515513030.0,29135555.2995147,-15479763.8444373,0
446602414757349.0,11935884.8004582,37416783.2735958,0
-446587416597062.0,18812635.9046603,-23738694.506198,0
-441080655415660.0,10999133.2931508,-40101401.0522377,0
438732888624762.0,16764697.0112076,26170045.8010936,0
435136563719482.0,62359946.7490734,6977821.28439595,0
-427927776195068.0,28376591.2183002,-15080309.4319199,0
427794356324470.0,8397977.46710777,50940164.8194468,0
421151186909538.0,10586882.3073615,39780473.1064869,0
-419541486385167.0,8338063.33058004,-50316418.7835428,0
418855446650417.0,26095093.1618865,16051119.0380489,0
-415339603500292.0,8048371.50750551,-51605421.4337605,0
415206365281916.0,11336711.4015208,36624939.1535377,0
413245818869062.0,52860494.2850211,7817668.45843063,0
412817182388071.0,20377973.696745,20258009.3846137,0
409451509425358.0,15693337.6315012,26090785.7232018,0
407834204426275.0,8899916.47139391,45824497.9868221,0
-402620569399459.0,11203544.134987,-35936893.2320385,0
397964661552304.0,29333926.1208467,13566702.9334162,0
397928735288367.0,10013308.2559353,39739986.5376658,0
396850376044600.0,63271948.255997,6272137.76378359,0
-390082609068745.0,16461932.368737,-23696040.0717934,0
388914725601512.0,15802096.6928674,24611590.0415327,0
-384623811706508.0,10460690.4840394,-36768491.7447233,0
-384171092749326.0,8151245.44827563,-47130355.1324903,0
384151840964127.0,27277511.4173361,14083097.0643452,0
378098984774631.0,14850915.6454002,25459641.2640549,0
-375970922809783.0,10130533.4389291,-37112648.122262,0
-375488969257259.0,11201853.7757178,-33520252.6988171,0
-372024286464601.0,10667541.4269344,-34874416.8478485,0
371147191025244.0,13181760.5567859,28156116.8879054,0
370308333285727.0,9208991.7224774,40211604.5323262,0
369885661161910.0,11447624.3226479,32311128.557052,0
-367930785502330.0,17967696.5077419,-20477348.6319627,0
-366090037513202.0,13088216.0947389,-27970965.2456273,0
-362918963251462.0,31571166.542651,-11495266.1873035,0
-361836196211519.0,6537798.54847331,-55345265.4634049,0
-361605472474344.0,43163452.1973636,-8377584.60145668,0
-361591828252654.0,8998458.95664133,-40183750.3504731,0
361071576749866.0,10774395.2104169,33512004.126299,0
359472842631945.0,15043092.7647227,23896205.936783,0
358782959489714.0,390957219.613155,917703.885465329,0
357623159050828.0,26494982.7591853,13497769.0795759,0
352107429019818.0,34498374.8400025,10206493.2233136,0
-349397709793930.0,2769001.47356805,-126181843.212856,0
347846793573121.0,10717802.1856804,32455048.8567389,0
-347597956256985.0,8464109.62512333,-41067279.566564,0
347566359394802.0,9258682.07807592,37539506.8611138,0
-346832817624442.0,10454554.167616,-33175285.3410805,0
-346415059739126.0,12768486.8554818,-27130470.7957938,0
344265260331738.0,26156326.3335227,13161835.3411702,0
343791008376032.0,5149096.79068555,66767245.2764787,0
343451916897387.0,13228568.3118438,25962894.0034189,0
-338345695011520.0,12198326.1055969,-27737059.3376971,0
-336021606789172.0,7356489.4303946,-45676896.5643913,0
335991029451536.0,9154951.30732996,36700471.4904954,0
334832775387731.0,5743677.03121866,58295891.9117165,0
-334323498176789.0,21659340.0667266,-15435534.8384036,0
334182399777078.0,17397859.9810158,19208247.4592698,0
-333278644372692.0,12953316.9876822,-25729212.4240934,0
332933658306765.0,210199125.263947,1583896.49761244,0
325982366673357.0,14953724.1295255,21799410.2238198,0
322487139716164.0,13211227.636536,24410081.2269949,0
-322262290392436.0,7937768.98744339,-40598597.7800836,0
-322101199339672.0,30968752.9623537,-10400844.9978992,0
319935293761619.0,86700202.6058995,3690133.17322801,0
318918044016080.0,46090412.8790114,6919400.89261619,0
314815172938876.0,10886530.4987582,28917860.7431253,0
-314701753484834.0,12712282.4445943,-24755723.8329499,0
314360564514381.0,11799786.1639004,26641208.5903827,0
312392523027594.0,16627525.3992279,18787673.7835023,0
312049140847770.0,9008316.30397071,34640118.1217653,0
311118067092555.0,6263959.09807999,49667959.547807,0
309210053519192.0,11538924.8678988,26797128.5937924,0
-308256816223831.0,13011152.1384321,-23691738.6672706,0
306366775517871.0,9024271.08469412,33949199.0702156,0
304553790554344.0,12919483.0595518,23573217.9956827,0
302623532026452.0,10823892.7655791,27958844.2513789,0
-302363862433571.0,12919431.8519458,-23403804.896268,0
-299487787062070.0,13248320.4654712,-22605717.2939483,0
-299273060888407.0,7672067.57053166,-39008136.7424228,0
-298415172953841.0,8099647.26741217,-36842983.7870192,0
297260383439205.0,34852115.723835,8529191.9088835,0
-297249132668356.0,7634553.35804665,-38934711.5316264,0
-294538520746620.0,12628937.6424618,-23322509.7063038,0
-294163550024888.0,17747941.0623136,-16574516.953379,0
-290524089441167.0,13421121.3654395,-21646782.0780825,0
-289657793948740.0,9845429.02731919,-29420535.4733648,0
-285107945308508.0,10288614.1416864,-27711015.4372817,0
284995992800297.0,7176835.24729566,39710538.5563487,0
-284559924880751.0,20695531.7668016,-13749824.2657975,0
-284286464680829.0,8802408.50103511,-32296440.7579356,0
-281275618340463.0,7266937.65727714,-38706210.4569993,0
280685452928811.0,19038180.9052153,14743291.6162657,0
279726592585923.0,12192808.8931416,22941932.0057799,0
-276549944506608.0,5891578.01439587,-46939876.5204956,0
276363104396877.0,9288745.2796833,29752468.8292776,0
-274081982839690.0,10870459.6832484,-25213467.5833495,0
272466209301059.0,12778128.6858118,21322856.8908992,0
-272289082765623.0,10305286.6634185,-26422271.5639915,0
-272203641674919.0,10036082.3172554,-27122499.9028664,0
272084675605194.0,7255422.7696485,37500871.3128892,0
272075060593498.0,8083617.02306255,33657589.1481831,0
270231225525477.0,17585633.7276884,15366590.1217993,0
265052509739770.0,4137305.55477952,64064040.2866968,0
263037249663048.0,13803401.0211498,19055973.9052729,0
262916762668408.0,12640027.8278339,20800331.0000199,0
262484209670300.0,7503439.76811195,34981850.6954375,0
-260828548727398.0,8113803.94329254,-32146272.0260844,0
259854155896791.0,7551237.52721442,34412128.4703712,0
258176559274569.0,10113105.4741512,25528909.9806642,0
257092412996890.0,19507587.7783067,13179098.0985762,0
256157490544061.0,29021121.7097168,8826588.20380103,0
253036151987543.0,14480016.9208229,17474851.9543279,0
-249566192963504.0,7204170.09342958,-34641907.3573951,0
249441568410719.0,11090876.7196682,22490698.8613774,0
-245873515305404.0,15232433.8718498,-16141446.4276643,0
242587931329792.0,17508372.5065568,13855538.6138229,0
239609984794906.0,6740543.28100558,35547577.5179891,0
238006628616979.0,6386617.19516387,37266462.2512845,0
-237428521628864.0,11232066.2843517,-21138454.4586996,0
-236226144373538.0,2946999.60257389,-80158186.7086847,0
-234636845192976.0,8979486.50872714,-26130318.8066414,0
234593816697742.0,20809177.6122271,11273574.6250683,0
-233208114441383.0,19166111.7180636,-12167732.1864711,0
-232473704293046.0,13260245.9672545,-17531628.362485,0
232038296784324.0,9001624.89096656,25777379.0393313,0
-226836953883754.0,9709022.13616934,-23363522.1655032,0
225807770869130.0,10884501.7194821,20745806.899452,0
-224438970613209.0,6194570.83731472,-36231560.9115709,0
-223137455393460.0,12438278.8149848,-17939576.5855192,0
-221253807993075.0,4125218.32562328,-53634448.0530364,0
-219246840973122.0,8347370.6051273,-26265377.607465,0
-218722355828876.0,52230062.1085472,-4187671.75452168,0
-218713223698221.0,6369889.70358513,-34335480.4989989,0
218236566041180.0,9092891.3056481,24000789.0455724,0
-218221071771856.0,13439506.1494672,-16237283.5240309,0
217863031967908.0,14441218.4329888,15086194.6295496,0
-217031210704778.0,13068701.1341343,-16606945.7459634,0
216721045417712.0,7325372.69313542,29584985.5695124,0
-216166381569243.0,24917924.534125,-8675135.89557607,0
215654696424449.0,7495939.39615795,28769535.7482457,0
-210511405711580.0,9622584.71356694,-21876804.6193222,0
208390758933934.0,23353263.9761752,8923410.41263151,0
208151729731457.0,5528071.69790823,37653587.2011609,0
206315733301227.0,15278104.3725874,13504013.8664982,0
204788609522428.0,5513660.96271607,37142038.8208904,0
203780757945218.0,15745580.9744417,12942092.0241683,0
-202269732036473.0,33759075.7178389,-5991566.05255012,0
201287818693354.0,5795686.75451608,34730624.2071327,0
201214620254500.0,21491572.9935714,9362489.20982597,0
199311513241187.0,8456413.54467192,23569272.2675284,0
-198794531504697.0,8223739.03860291,-24173253.8656127,0
-197023974510916.0,6270349.85258199,-31421528.1671701,0
194225000472210.0,6348903.79453772,30591895.3503929,0
-192967946491282.0,6126849.86942822,-31495458.6131047,0
-188904392615610.0,6715904.30292302,-28127916.0772723,0
188884937693151.0,10402290.9613089,18158013.3064635,0
188700157505365.0,5335058.12262698,35369840.9966805,0
-186558185833464.0,7340251.86802785,-25415774.443117,0
-185175516522687.0,29896670.8631311,-6193850.72573573,0
-184569094363249.0,8723974.0540272,-21156538.6623367,0
-184021602148024.0,24544565.7362985,-7497447.87196939,0
-183469308454601.0,10179194.3865626,-18023951.7477724,0
-183327531497364.0,4997428.83679266,-36684370.6002671,0
-181141917697468.0,12551823.1547423,-14431522.454093,0
-180862287605496.0,19117508.3844533,-9460557.51452298,0
-176296234665637.0,6870098.06512422,-25661385.4699684,0
-175590742292735.0,29738061.9335346,-5904579.21182574,0
175075193609827.0,15269535.8141097,11465652.6394241,0
174862377950287.0,8358037.9338022,20921462.5890958,0
174400939280788.0,13071047.7334105,13342537.0970842,0
171262605710041.0,8830125.1125155,19395263.773477,0
-170928853665186.0,9885335.89385449,-17291152.8248067,0
169430885328819.0,2023165.9230203,83745422.6571207,0
166874629639841.0,12366930.2905536,13493617.7142769,0
-166159378527852.0,7635434.61202847,-21761613.7090734,0
164886140309424.0,19282437.6183064,8551104.56329881,0
-163414950473653.0,5303096.74584025,-30815004.5729103,0
161879962958888.0,8879090.18408298,18231593.5082043,0
-161523928650370.0,14650427.1111653,-11025202.7073853,0
159731314428077.0,3520983.02837404,45365545.116484,0
-159327139172080.0,9050021.67211926,-17605166.5890398,0
158678148397852.0,6697061.19644045,23693698.4362919,0
152136310672727.0,8083872.21351628,18819732.2587997,0
-151127145010725.0,4842090.08340615,-31211138.6627518,0
150941788160029.0,8593638.83501112,17564362.5544374,0
-150837024913860.0,8455361.64650609,-17839216.253534,0
150586258398636.0,4731156.25137259,31828637.7362719,0
150001983925222.0,2421447.36882026,61947241.0826356,0
-145665435589022.0,3231728.92964148,-45073531.462672,0
-145105348833398.0,3135641.80824334,-46276123.9029051,0
144705567927191.0,9062111.78740975,15968194.9772717,0
-143227466819016.0,2784575.2515649,-51436019.4570156,0
142964839066964.0,8061914.22237894,17733361.4726525,0
142498031476907.0,7475495.70418288,19062017.7063539,0
140498903046130.0,7587654.45149342,18516776.6856432,0
140273706288388.0,6381147.610449,21982520.2066619,0
-138565342169412.0,5134731.5158923,-26985898.2384071,0
-137627891621680.0,13279609.6782013,-10363850.6670567,0
-136211152739518.0,14558486.2177177,-9356134.33309766,0
134887180046840.0,2210192.6185956,61029603.8960398,0
133895778455872.0,10376065.6104657,12904291.8079488,0
133892617033950.0,9570786.93384731,13989718.7095907,0
133884520140184.0,3690029.30797317,36282779.6112338,0
-133783815203967.0,5560942.23149147,-24057760.2921952,0
131471091191078.0,5988010.83914608,21955720.3089208,0
129227304402616.0,12225095.8066722,10570657.80475,0
128647419648021.0,16936463.2728925,7595884.54656443,0
127340455668517.0,11576277.8009787,11000120.9246854,0
126165279104781.0,3099845.80637296,40700501.5686258,0
125703922022328.0,11081041.6500164,11344052.8420125,0
-125415270125403.0,25085430.835282,-4999526.25685063,0
-123762392473720.0,6453078.03596282,-19178815.409328,0
123594077409394.0,5807390.93199763,21282203.8083254,0
122241811450186.0,6705038.38324044,18231336.5656093,0
121306807235882.0,5530851.65782914,21932753.7132852,0
121222873678379.0,8470769.18829347,14310727.9851171,0
-120766842818704.0,9060595.291358,-13328797.8256674,0
-119802862308500.0,7289293.63659272,-16435455.6533546,0
118752965837192.0,9140931.43369146,12991341.9325622,0
117374635005480.0,6731619.04705694,17436315.7191428,0
-113874598742793.0,8417333.84793971,-13528582.8980949,0
-113566783696059.0,7187755.23905364,-15800034.9092315,0
109025419379333.0,22468389.8278312,4852391.30239253,0
-108904661358818.0,7039355.93152938,-15470827.5044074,0
-106862230679305.0,12603025.5030153,-8479093.42512538,0
-106296086542489.0,34626577.5916554,-3069783.21092018,0
106147527437820.0,2204358.61349887,48153475.0234388,0
-105892715839017.0,7184401.1821734,-14739254.2751883,0
-105315132624291.0,7222581.25249703,-14581370.4190425,0
-103655506907082.0,2313306.82379848,-44808369.491116,0
-102556501104715.0,5465315.59268345,-18764973.2875463,0
102556300752770.0,4122230.9583327,24878834.2500465,0
-101702254012522.0,13200273.3693111,-7704556.65327101,0
101253099850107.0,17117432.6494785,5915203.63617094,0
-100340669139674.0,6337517.88683503,-15832802.5153369,0
-99879630840187.3,16540902.5306287,-6038342.26428943,0
99247989519133.8,10943816.7502753,9068864.34448355,0
98330008306052.0,4233556.79042814,23226335.0118206,0
-97524547217307.8,6633386.82044795,-14702074.4993614,0
96957232655781.5,10637338.1496373,9114802.15180408,0
96653311440642.5,4432008.60436093,21808015.2970685,0
94826570385763.1,23244290.5175659,4079563.98213582,0
94728069421472.9,14256030.155833,6644771.9586728,0
-93002678792636.1,27208233.229866,-3418181.47495695,0
-92983409190153.6,5286395.60183628,-17589188.5877506,0
-92830603115700.1,8252041.29820954,-11249410.8743544,0
89934261260443.1,15744546.6421713,5712089.60819215,0
-89501714026903.8,17437724.9790879,-5132648.56133689,0
89355811528912.3,4988223.50717123,17913353.6018287,0
88355047961922.4,4659858.65740332,18960885.8246267,0
-88235213249507.4,3323502.05650272,-26548866.7524268,0
-88019513167136.8,8282777.95263887,-10626810.6751665,0
-86702023020240.2,17060747.3762878,-5081959.25465404,0
-85581226574251.1,7502187.15612418,-11407503.5444016,0
-85423059129962.5,4834228.09660611,-17670465.1544957,0
-84336503362563.7,12014624.9421357,-7019486.98097038,0
82932667545440.3,2271056.22341934,36517223.4356116,0
81491589664479.7,8990435.95163115,9064253.4024943,0
81483712772655.2,11133097.3963752,7319051.46174192,0
80357085052785.1,7996242.20050453,10049356.0647419,0
79755869484433.6,32373319.0088975,2463629.67796145,0
78859128828445.1,7262006.58728999,10859137.6061907,0
77181764819827.8,14420715.7328918,5352145.22284675,0
76149018103635.8,13276715.1922467,5735531.49261688,0
-74894396048753.7,2524204.35044862,-29670496.3825306,0
74307965760168.7,9894290.70234102,7510186.22715292,0
71300949322140.9,4375577.1825598,16295210.0596769,0
70320203707188.9,7597891.59844333,9255225.97895398,0
68064941588681.5,32544501.9421585,2091442.10317471,0
67159903606576.2,16317329.2544065,4115863.7274197,0
65519793862436.2,6718255.52784112,9752501.01621109,0
-64561070980222.4,16757722.2107174,-3852616.13532014,0
63324757798948.6,6308629.94288167,10037798.756987,0
63310060297472.0,4366862.89155362,14497835.601829,0
-62086349576619.8,37016537.019699,-1677259.80265468,0
59557898503582.4,11880392.8378611,5013125.35001198,0
59424949819236.6,5213384.62309358,11398535.5225862,0
-58752053508929.0,40196315.4805071,-1461627.83346201,0
58383219754377.8,7343462.11506377,7950367.12106342,0
55190722009442.1,14286225.6727036,3863212.24890727,0
-55163288729977.7,20792604.0103869,-2653024.54191985,0
55079218035129.0,11783414.8523695,4674300.16894069,0
53303436417912.7,12668916.0713401,4207418.8602841,0
52852734543090.3,7718003.23016721,6847980.36058159,0
-51910094928141.6,3694899.34586561,-14049122.8769807,0
50345809084216.5,26184580.8027858,1922727.32809456,0
49587264835240.3,6674199.69839588,7429694.50661754,0
-48898684966536.0,3440579.95419901,-14212337.9248485,0
-48019521220153.4,9840933.59052848,-4879569.68497078,0
47803138599156.9,27050685.1900142,1767169.23299242,0
46479969694864.4,1671064.11199287,27814593.9232898,0
-45661887955014.3,8849984.94010986,-5159544.14205449,0
45546860578210.4,14110647.0475514,3227836.42909659,0
-43726876120969.9,4211190.74770484,-10383494.5365041,0
-42859233248117.4,5375147.83807363,-7973591.52515469,0
-40595513111761.2,2235762.59665629,-18157345.1369453,0
40545180341815.5,2037671.16987676,19897803.4047897,0
-40395460641892.5,6549949.91568438,-6167293.0574877,0
40052112102343.5,8153726.88231456,4912123.33702476,0
39084168568300.3,22014584.3168568,1775376.17816263,0
-38272236780466.2,7446542.08589292,-5139598.53298499,0
-37563872890904.6,3693841.21909402,-10169325.2803427,0
37319152933996.1,8699646.34494229,4289732.18614712,0
-37048464816885.4,12839566.7285296,-2885491.82384506,0
-36010286561842.2,20352196.8231843,-1769356.24565211,0
35257641869285.0,5268780.00214432,6691803.76765316,0
-35046142142823.1,5035093.03495573,-6960376.28292427,0
34651383159750.1,1712611.0482326,20233072.2994634,0
34283238881552.1,5027420.48906949,6819250.34042607,0
-33056051927435.4,4061736.0969996,-8138404.64717878,0
-32477848939087.8,4264146.73323658,-7616494.21816131,0
32243724639775.2,9644080.70379396,3343369.43355219,0
-30553565847585.3,4411520.09872109,-6925858.9247826,0
27835456564351.6,5164467.83312852,5389801.51755335,0
27002550099102.2,12606668.1105147,2141925.9920534,0
24118249933328.9,5980498.59073708,4032815.92118164,0
23878898875542.3,16972928.1108928,1406881.51858826,0
23092870579443.0,12254858.6589687,1884384.8976212,0
20781906788827.8,25895645.687179,802525.144183487,0
-20581135090138.2,4299365.16875295,-4787017.21819733,0
20526637864433.0,1710406.45456305,12001029.2347014,0
-20522067239094.6,4447319.24299021,-4614480.34598397,0
20172308152188.4,13334132.7143345,1512832.41170254,0
19120820746784.6,8367508.07783819,2285127.25281104,0
-18971627507350.8,13623408.4374205,-1392575.69752074,0
18952561589913.3,11370110.2083969,1666875.80353591,0
17379674699194.8,7445777.64772373,2334165.14989647,0
16578847551362.5,11562111.701787,1433894.42854113,0
14918861674037.0,7596442.44230347,1963927.42883907,0
-14447573524811.4,14105471.7204431,-1024253.12752019,0
-13094941973565.2,5166432.81832951,-2534619.617448,0
-10507695177733.3,32877677.3589117,-319599.680446559,0
10016709160362.6,8828544.03724708,1134582.22761338,0
9425518215379.64,7093531.26778682,1328748.3849099,0
8192391511321.35,18708845.3794715,437888.674857002,0
7072856750047.4,18288935.62147,386728.72475664,0
-6212512596912.54,11678352.265863,-531968.248215318,0
4165102070266.69,3956711.45086841,1052667.63118462,0
-3694918515305.93,3549689.78529592,-1040913.07657689,0
-2993958150423.43,5741933.0534812,-521419.898584199,0
2955167218654.43,12306257.9287455,240135.322676086,0
-1825882943392.87,10013035.608364,-182350.589252642,0
298435692916.117,18140989.6046467,16450.9047973697,0
-22354834696.0813,1736.23033214146,-12875500.6074044,0
